{
   "result_type":"appear_raid_boss_swf",
   "use_hp":7,
   "cur_hp":169,
   "max_hp":699,
   "exp_per":62,
   "next_exp":46290,
   "cur_exp":28843,
   "get_exp":8,
   "get_money":141,
   "get_fan":9,
   "hp_per":24,
   "play_per":100,
   "cur_card":"250",
   "events":{
      "fever":{
         "fever_perfect_count":"0",
         "encore_start_flag":"0"
      },
      "has_raid":false
   },
   "swf_params":{
      "_url":"http:\/\/sp.pf.mbga.jp\/12008305\/?guid=ON&amp;url=http%3A%2F%2F125.6.169.35%2Fidolmaster%2Fevent_produce%2Fget_raid_boss%3Fl_frm%3DEvent_produce_ajax_play_1%26rnd%3D209424052",
      "com_mode":1,
      "lv_f":0,
      "lv_b":"4",
      "heart_f":0,
      "emo":"2",
      "card_comm1":"\u3053\u306e\uff92\uff9a\uff9d\uff79\uff9e\u3092\u6ce1\u7acb\u3066\u308c\u3070\u3044\u3044\u3093\u3060\u3088\u306d\u3063\uff61\u4efb\u305b\u3066\uff64\uff71\uff80\uff7c\u5f97\u610f\u305d\u3046\u3060\u304b\u3089\uff61\uff7c\uff6c\uff76\uff7c\uff6c\uff76\uff7c\uff6c\uff76\uff7c\uff6c\uff76!",
      "card_comm":"\u3053\u306e\uff92\uff9a\uff9d\uff79\uff9e\u3092\u6ce1\u7acb\u3066\u308c\u3070\u3044\u3044\u3093\u3060\u3088\u306d\u3063\uff61\u4efb\u305b\u3066\uff64\uff71\uff80\uff7c\u5f97\u610f\u305d\u3046\u3060\u304b\u3089\uff61\uff7c\uff6c\uff76\uff7c\uff6c\uff76\uff7c\uff6c\uff76\uff7c\uff6c\uff76!",
      "lv_inf_flg":0,
      "short_flg":0,
      "momorial_power":1,
      "training_room_flag":1,
      "puchi_power":1,
      "item_type":null,
      "character_num":1,
      "effect":"0",
      "card_comm1_1":"\u3053\u306e\uff92\uff9a\uff9d\uff79\uff9e\u3092\u6ce1\u7acb\u3066\u308c\u3070\u3044\u3044\u3093",
      "card_comm1_2":"\u3060\u3088\u306d\u3063\uff61\u4efb\u305b\u3066\uff64\uff71\uff80\uff7c\u5f97\u610f\u305d\u3046",
      "card_comm1_3":"\u3060\u304b\u3089\uff61\uff7c\uff6c\uff76\uff7c\uff6c\uff76\uff7c\uff6c\uff76\uff7c\uff6c\uff76!",
      "produce_idol_id":"3",
      "mission_costume_id":"1",
      "pair_produce_idol_id":false,
      "ch":"3_1"
   },
   "flash_id":"544037",
   "swf_images":{
      "1":"http:\/\/sp.pf-img-a.mbga.jp\/12008305\/?guid=ON&amp;url=http%3A%2F%2F125.6.169.35%2Fidolmaster%2Fimage_sp%2Fevent_flash%2F1733%2Fbg%2F1733%2Fbg00_rich.png%3Fv%3D20210318144640",
      "4":"http:\/\/sp.pf-img-a.mbga.jp\/12008305\/?guid=ON&amp;url=http%3A%2F%2F125.6.169.35%2Fidolmaster%2Fimage_sp%2Fevent_flash%2Fcommon%2Fname_plate%2F31.png%3Fv%3D20170228175300",
      "7":"http:\/\/sp.pf-img-a.mbga.jp\/12008305\/?guid=ON&amp;url=http%3A%2F%2F125.6.169.35%2Fidolmaster%2Fimage_sp%2Fevent_flash%2F1733%2Fidol%2Fidol_3_0_1_2.png%3Fv%3D20210318144641",
      "12":"http:\/\/sp.pf-img-a.mbga.jp\/12008305\/?guid=ON&amp;url=http%3A%2F%2F125.6.169.35%2Fidolmaster%2Fimage_sp%2Fevent_flash%2F1733%2Fidol%2Fdummy.png%3Fv%3D20210318144641",
      "17":"http:\/\/sp.pf-img-a.mbga.jp\/12008305\/?guid=ON&amp;url=http%3A%2F%2F125.6.169.35%2Fidolmaster%2Fimage_sp%2Fevent_flash%2F1733%2Fidol%2Fdummy.png%3Fv%3D20210318144641"
   },
   "params":{
      "raid_type":"normal"
   }
}
