{
   "episode_progress":0,
   "idol_event_id":"1733",
   "quest_id":"1",
   "raid_boss":{
      "boss_type":"normal"
   },
   "user_event_item":{
      "item_id":"41117",
      "item_num":999
   },
   "half_event_item":{
      "item_id":"173322",
      "item_num":999,
      "max_use_enable_check":true
   },
   "hearts_rank":0,
   "produce_idol_hearts":1,
   "area_id":"3",
   "is_memorial":false,
   "fever_time":true,
   "rest_fever_time":"05:04",
   "rest_fever_time_seconds":304,
   "fever_idol_name":"\uff8c\uff9a\uff83\uff9e\uff98\uff76",
   "fever_area_id":"3",
   "fever_perfect_count":false,
   "encore_start_flag":"0",
   "max_use_flag":0,
   "endless_flag":0,
   "coin_kind":"1",
   "petit_deck":[
      {
         "idol_id":"1009",
         "level":"30",
         "exp":"8300",
         "vocal":21060,
         "dance":22356,
         "visual":22428,
         "total_param":65844,
         "create_time":"2018-10-09 12:24:38",
         "update_time":"2019-01-28 03:25:35",
         "delete_time":null,
         "image":"item\/l\/petit_cg\/chara\/1009",
         "idol_name":"\u5927\u69fb\u552f",
         "short_name":"\u552f",
         "attribute":"3",
         "all_disp_sp_power":0,
         "vocal_up":3510,
         "dance_up":3726,
         "visual_up":3738,
         "sp_power":1
      },
      {
         "idol_id":"1108",
         "level":"30",
         "exp":"8300",
         "vocal":19205,
         "dance":20584,
         "visual":20900,
         "total_param":60689,
         "create_time":"2018-09-08 02:13:13",
         "update_time":"2019-01-28 03:25:34",
         "delete_time":null,
         "image":"item\/l\/petit_cg\/chara\/1108",
         "idol_name":"\u51b4\u5cf6\u6e05\u7f8e",
         "short_name":"\u6e05\u7f8e",
         "attribute":"3",
         "all_disp_sp_power":0,
         "vocal_up":3201,
         "dance_up":3431,
         "visual_up":3484,
         "sp_power":1
      },
      {
         "idol_id":"1039",
         "level":"30",
         "exp":"8300",
         "vocal":16152,
         "dance":21436,
         "visual":21422,
         "total_param":59010,
         "create_time":"2018-10-09 12:24:38",
         "update_time":"2019-01-28 03:25:32",
         "delete_time":null,
         "image":"item\/l\/petit_cg\/chara\/1039",
         "idol_name":"\u5800\u88d5\u5b50",
         "short_name":"\u88d5\u5b50",
         "attribute":"3",
         "all_disp_sp_power":0,
         "vocal_up":2692,
         "dance_up":3573,
         "visual_up":3571,
         "sp_power":1
      }
   ],
   "petit_tutorial_end_flg":true,
   "total_get_point_good":2271,
   "total_get_point_perfect":9082,
   "raid_boss_data":{
      "coin_kind":"1",
      "get_coin_normal":"1",
      "get_coin_good":"5",
      "get_coin_perfect":"15",
      "get_presentbox_normal":"0",
      "get_presentbox_good":"0",
      "get_presentbox_perfect":"0"
   },
   "produce_idol_id":"3",
   "communication_id":"4",
   "complete_flag":0,
   "inline_chapter":"1",
   "communication_type":1,
   "advance_bonus":0,
   "special_raid_point":{
      "special_point":"903",
      "used_special_point":"900",
      "enable_special_point":3
   },
   "attribute":"1",
   "csrf_token_name":"csrf_test_name",
   "csrf_token_value":"91e9408bcd6f1d9825feb1e85f23eff1",
   "current_section_id":null,
   "pair_flag":false,
   "is_extra_stage":false,
   "is_special_raid":false,
   "special_raid_flag":false,
   "is_memorial_area":false
}
