{
   "fever_time":true,
   "tame_rank":0,
   "complete_flag":0,
   "complete_rank":4,
   "complete_type":0,
   "rank_up":0,
   "add_event_point":30,
   "total_event_point":605296,
   "event_point_reward":null,
   "is_extra_stage":false,
   "is_special_raid":false,
   "is_memorial_area":false,
   "idol_event_id":"1733",
   "raid_boss":{
      "boss_type":"special",
      "coin_kind":"1"
   },
   "is_memorial":false,
   "add_point":0,
   "next_point":5,
   "before_hearts_point":0,
   "after_hearts_point":0,
   "current_hearts_point":0,
   "hearts_rank":1,
   "need_hearts_rank_up":"5",
   "communication_type":1,
   "special_generate_flag":0,
   "special_raid_point":{
      "special_point":"933",
      "used_special_point":"900",
      "enable_special_point":33
   },
   "fever_perfect_count":"0",
   "raid_type":"special",
   "idol_fullname":"\u5bae\u672c\uff8c\uff9a\uff83\uff9e\uff98\uff76",
   "add_medal":"1",
   "coin_kind":"1",
   "add_lesson_pt":0,
   "add_present_box":"0",
   "lesson_pt":0,
   "area_id":"3",
   "quest_id":"1",
   "current_user_chapter_info":{
      "group_id":"359",
      "event_point":"605296",
      "is_join":true,
      "clear_reward_rank":"1",
      "clear_reward_rank_name":"SS\uff97\uff9d\uff78",
      "reward_rank_in_flag":true,
      "next_reward_rank_name":null,
      "next_clear_point":null,
      "next_reward_rank_flag":false
   },
   "puchi_power":1,
   "training_room_flag":1,
   "advance_num":0,
   "advance_generate_flag":0,
   "rest_fever_time":"04:49",
   "rest_fever_time_seconds":289,
   "fever_idol_name":"\uff8c\uff9a\uff83\uff9e\uff98\uff76",
   "fever_area_id":"3",
   "encore_start_flag":"0",
   "event_point_reward_name":"",
   "event_point_reward_html":"",
   "rank_up_reward_name":"",
   "rank_up_reward_html":"",
   "idol_image_path":"../../../image_sp/event_flash/1733/idol/idol_3_0_1_1.png"
}
