{
   "flash_id":544038,
   "swf_params":{
      "heart_f":0,
      "heart_l":1,
      "lv_f":0,
      "lv_l":0,
      "lv_b":4,
      "lvup_flg":0,
      "comm_result":1,
      "url":"raid_win.json?great_flag=1",
      "emo":"1",
      "effect":"0",
      "card_comm1":"\u666e\u6bb5\u6599\u7406\u3057\u306a\u3044\u308f\u308a\u306b\u306f\uff64\u3046\u307e\u304f\u3067\u304d\u305f\u304b\u306a\uff61\u5bb6\u3058\u3083\uff8f\uff8f\u304c\u3064\u304f\u308b\uff8c\uff98\uff70\uff80\uff9e\uff91\u306a\u6599\u7406\u98df\u3079\u308b\u3060\u3051\u3060\u304b\u3089",
      "card_comm":"\u666e\u6bb5\u6599\u7406\u3057\u306a\u3044\u308f\u308a\u306b\u306f\uff64\u3046\u307e\u304f\u3067\u304d\u305f\u304b\u306a\uff61\u5bb6\u3058\u3083\uff8f\uff8f\u304c\u3064\u304f\u308b\uff8c\uff98\uff70\uff80\uff9e\uff91\u306a\u6599\u7406\u98df\u3079\u308b\u3060\u3051\u3060\u304b\u3089",
      "lv_inf_flg":0,
      "card_comm1_1":"\u666e\u6bb5\u6599\u7406\u3057\u306a\u3044\u308f\u308a\u306b\u306f\uff64\u3046\u307e",
      "card_comm1_2":"\u304f\u3067\u304d\u305f\u304b\u306a\uff61\u5bb6\u3058\u3083\uff8f\uff8f\u304c\u3064\u304f",
      "card_comm1_3":"\u308b\uff8c\uff98\uff70\uff80\uff9e\uff91\u306a\u6599\u7406\u98df\u3079\u308b\u3060\u3051\u3060\u304b",
      "card_comm1_4":"\u3089",
      "momorial_power":1,
      "character_num":1,
      "pair_produce_idol_id":false,
      "puchi_power":1,
      "ch":"3_1",
      "training_room_flag":true,
      "point":2271,
      "com_mode":1
   },
   "swf_images":[
      "http:\/\/sp.pf-img-a.mbga.jp\/12008305\/?guid=ON&amp;url=http%3A%2F%2F125.6.169.35%2Fidolmaster%2Fimage_sp%2Fevent_flash%2F1733%2Fbg%2F1733%2Fbg00_rich.png%3Fv%3D20210318144640",
      "http:\/\/sp.pf-img-a.mbga.jp\/12008305\/?guid=ON&amp;url=http%3A%2F%2F125.6.169.35%2Fidolmaster%2Fimage_sp%2Fevent_flash%2Fcommon%2Fname_plate%2F31.png%3Fv%3D20170228175300",
      "http:\/\/sp.pf-img-a.mbga.jp\/12008305\/?guid=ON&amp;url=http%3A%2F%2F125.6.169.35%2Fidolmaster%2Fimage_sp%2Fevent_flash%2F1733%2Fidol%2Fidol_3_0_1_1.png%3Fv%3D20210318144641",
      "http:\/\/sp.pf-img-a.mbga.jp\/12008305\/?guid=ON&amp;url=http%3A%2F%2F125.6.169.35%2Fidolmaster%2Fimage_sp%2Fevent_flash%2F1733%2Fidol%2Fidol_3_0_1_1.png%3Fv%3D20210318144641",
      "http:\/\/sp.pf-img-a.mbga.jp\/12008305\/?guid=ON&amp;url=http%3A%2F%2F125.6.169.35%2Fidolmaster%2Fimage_sp%2Fevent_flash%2F1733%2Fidol%2Fdummy.png%3Fv%3D20210318144641",
      "http:\/\/sp.pf-img-a.mbga.jp\/12008305\/?guid=ON&amp;url=http%3A%2F%2F125.6.169.35%2Fidolmaster%2Fimage_sp%2Fevent_flash%2F1733%2Fidol%2Fdummy.png%3Fv%3D20210318144641",
      "http:\/\/sp.pf-img-a.mbga.jp\/12008305\/?guid=ON&amp;url=http%3A%2F%2F125.6.169.35%2Fidolmaster%2Fimage_sp%2Fevent_flash%2F1733%2Fidol%2Fdummy.png%3Fv%3D20210318144641"
   ],
   "special_raid_point":{
      "special_point":"903",
      "used_special_point":"900",
      "enable_special_point":3
   },
   "special_generate_flag":1,
   "fever_perfect_count":false
}
